{
  "model": "openai/gpt-5-nano",
  "ttft_s": 1.8631999999999997,
  "stream_toks_per_s": 310.772,
  "e2e_toks_per_s": 61.696000000000005,
  "wall_s": 2.5323200000000003,
  "prompt_tokens": 40.8,
  "completion_tokens": 148.6,
  "total_tokens": 189.4,
  "prompt_cost_usd": 2.04e-06,
  "completion_cost_usd": 5.944e-05,
  "total_cost_usd": 6.148e-05,
  "prompt_cost_per_1m": 0.05,
  "completion_cost_per_1m": 0.4,
  "num_runs": 5
}