{
  "model": "gpt-4o-mini",
  "ttft_s": 1.3459800000000002,
  "stream_toks_per_s": 53.468,
  "e2e_toks_per_s": 31.544000000000004,
  "wall_s": 4.190479999999999,
  "prompt_tokens": 41.8,
  "completion_tokens": 141.6,
  "total_tokens": 183.4,
  "prompt_cost_usd": 6.270000000000001e-06,
  "completion_cost_usd": 8.496e-05,
  "total_cost_usd": 9.123e-05,
  "prompt_cost_per_1m": 0.15,
  "completion_cost_per_1m": 0.6,
  "num_runs": 5
}